record_id,entry_type,authors,year,title,journal,abstract,doi,pmid,keywords,decision_r1,decision_r2,final_decision,exclusion_reason,notes
TakahashiM202641536071,article,"Takahashi, M and Mukai, H and Takano, T and Tsugawa, K and Inoue, K and Itoh, M and Watanabe, J and Tanabe, Y and Yamamoto, N and Miyoshi, Y and Watanabe, K and Mukohara, T and Kong, Y and Shimura, M and Beca, F and Schmid, P and Iwata, H",2026,Pembrolizumab for Early-Stage Triple-Negative Breast Cancer: KEYNOTE-522 Japan Subgroup Analysis.,Cancer science,,10.1111/cas.70307,41536071,,maybe,maybe,maybe,,AI screening (medium confidence): TNBC + ICI but setting unclear from title
BenKridisW202641529117,article,"Ben Kridis, W and Khanfir, A",2026,Efficacy and safety of adjuvant capecitabine and pembrolizumab in early-stage triple-negative breast cancer after standard neo-/adjuvant chemotherapy: A meta-analysis of phase III studies.,Journal of oncology pharmacy practice : official publication of the International Society of Oncology Pharmacy Practitioners,,10.1177/10781552251415135,41529117,,exclude,exclude,exclude,Review/meta-analysis/editorial,AI screening (high confidence): Review/meta-analysis/editorial
JiangY202641517701,article,"Jiang, Y and Zeng, J and Liu, J and Deng, W and Kahlert, UD and Tang, R and Xu, M and Shi, W and Wang, Q",2026,Comparing efficacy of neoadjuvant therapy of triple-negative breast cancer: A Bayesian network meta-regression analysis.,Medicine,,10.1097/MD.0000000000046962,41517701,,maybe,maybe,maybe,,AI screening (medium confidence): TNBC + neoadjuvant but intervention unclear
AroraA202541443410,article,"Arora, A and Bhaskarane, H and Tansir, G and Bakhshi, S and Gogia, A and Kumar, A and Jain, R and Kalra, K and Vishvam, D and Mathur, S and Rathore, R and Shamim, SA and Dhamija, E and Rangarajan, K and Tanwar, P and Prasad, CP and Kumar, S and Gupta, I and Mani, K and Upadhyay, AD and Diwakar, MK and Vasudeva, P and Verma, N and Agstam, S and Seenu, V and Prashad, R and Bansal, VK and Dhar, A and Krishna, A and Ranjan, P and Suhani, S and Prakash, O and Kataria, K and Kumar, B and Mishra, A and Sharma, J and Bansal, B and Saikia, J and Bhasker, S and Haresh, KP and Gupta, S and Saini, SK and Mallick, S and Batra, A",2025,"A phase II, randomized, open-label study to evaluate low-dose pembrolizumab plus chemotherapy versus chemotherapy as neoadjuvant therapy for localized triple-negative breast cancer (TNBC) (PLANeT trial-Pembrolizumab Low dose in Addition to NACT in TNBC).",Annals of oncology : official journal of the European Society for Medical Oncology,,10.1016/j.annonc.2025.12.015,41443410,,include,include,include,,AI screening (high confidence): TNBC + neoadjuvant + ICI + RCT
DevauxA202541316390,article,"Devaux, A and Beniuga, G and Delrée, P and Quaghebeur, C and Henry, S and Van Bockstal, M and Galant, C and Lefevre, S and Korman, D and Verschaeve, V and Lonchay, C and D'Hondt, L and Berlière, M and van Marcke, C and Delmarcelle, S and Mine, JM and Müller, G and Myant, N and Bar, I and Haussy, S and Merhi, A and Petrone, D and Coulie, PG and Canon, JL and Duhoux, FP and Carrasco, J",2025,Evaluation of short-course durvalumab combined with dose-dense EC in the neoadjuvant setting for locally advanced luminal B/HER2(-) or triple-negative breast cancer.,Breast cancer research : BCR,,10.1186/s13058-025-02161-z,41316390,,maybe,maybe,maybe,,AI screening (medium confidence): TNBC + neoadjuvant + ICI but trial type unclear
TrdanO202541314029,article,"Trédan, O and Loirat, D and Chabaud, S and Toussaint, P and Petit, T and Viret, F and Levy, C and Robert, A and Grenier, J and Mansi, L and Spano, JP and Patsouris, A and Derbel, O and Jouannaud, C and Ferrero, JM and Frenel, JS and Molin, Y and Doublet, L and Heudel, PE and Pierga, JY and Garin, G and Pérol, D and Bachelot, T",2025,"Nivolumab in combination with ipilimumab versus capecitabine as post-operative treatment for triple negative breast cancer patients with residual disease after neoadjuvant chemotherapy: a multicentre, randomized, open-label phase II trial - BREASTIMMUNE-03.","Breast (Edinburgh, Scotland)",,10.1016/j.breast.2025.104648,41314029,,include,include,include,,AI screening (high confidence): TNBC + neoadjuvant + ICI + RCT
KuemmelS202541297162,article,"Kuemmel, S and Jung, KH and Andrade, L and Assad-Suzuki, D and de la Cruz Merino, L and Freitas-Junior, R and Hegg, R and Huang, CS and Martin, H and Schneeweiss, A and Dieterich, M and Nguyen Duc, A and Feng, Y and Meng, R and Swat, A and Seiller, A and Bermejo, B and Hamilton, EP",2025,"Safety and efficacy of tiragolumab, atezolizumab and chemotherapy for early-stage or PD-L1-positive advanced triple-negative breast cancer: a phase Ib study.",ESMO open,,10.1016/j.esmoop.2025.105869,41297162,,maybe,maybe,maybe,,AI screening (medium confidence): TNBC + ICI but setting unclear from title
CherifiF202541297161,article,"Cherifi, F and Cabel, L and Bousrih, C and Volant, E and Dalenc, F and Mery, B and Auvray Kuentz, M and Mailliez, A and Ladoire, S and de Nonneville, A and Alexandre, M and Benistant, L and Leheurteur, M and Bailleux, C and Debled, M and Frenel, JS and Loirat, D and Bastien, E and Aussedat, Q and Bidard, FC and Aho, S and Glenet, A and Mourato-Ribeiro, J and Johnson, A and Christy, F and Emile, G",2025,"PROMENADE: pembrolizumab for early ER-low/HER2-negative breast cancer, real-world French cohort.",ESMO open,,10.1016/j.esmoop.2025.105907,41297161,,maybe,maybe,maybe,,AI screening (low confidence): Breast cancer ICI trial - check if TNBC subgroup reported
HanJ202541290455,article,"Han, J and Gao, S and Li, M and Li, X",2025,Efficacy and safety of immunotherapy combined with chemotherapy in both neoadjuvant and adjuvant settings among triple-negative breast cancer: A meta-analysis of randomized clinical trials.,Current problems in cancer,,10.1016/j.currproblcancer.2025.101265,41290455,,exclude,exclude,exclude,Review/meta-analysis/editorial,AI screening (high confidence): Review/meta-analysis/editorial
ChenL202641174882,article,"Chen, L and Jiang, SH and Liu, GY and Yu, KD and Wu, J and Di, GH and Zhang, WJ and Ma, LX and Liang, QN and Shen, Y and Wang, ZH and Shao, ZM and Li, JJ",2026,CD8-guided immunochemotherapy improves pathological complete response rates in high-tumor-burden triple-negative breast cancer.,Molecular therapy : the journal of the American Society of Gene Therapy,,10.1016/j.ymthe.2025.10.056,41174882,,maybe,maybe,maybe,,AI screening (low confidence): TNBC-related but needs abstract review
BischoffH202541154346,article,"Bischoff, H and Somme, L and Petit, T",2025,Optimizing Post-Neoadjuvant Treatment in Early Triple-Negative Breast Cancer.,Cancers,,10.3390/cancers17203288,41154346,,maybe,maybe,maybe,,AI screening (medium confidence): TNBC + neoadjuvant but intervention unclear
BalkoJM202541022779,article,"Balko, JM and Licata, L and Wang, XQ and Dugo, M and Huang, CS and Egle, D and Bermejo, B and Zamagni, C and Thill, M and Anton, A and Russo, S and Sevillano, E and Ciruelos, EM and Greil, R and Semiglazov, V and Colleoni, M and Kelly, CM and Mariani, G and Del Mastro, L and Zambelli, S and Viale, G and Callari, M and Viale, G and Pusztai, L and Gianni, L and Ali, HR and Bianchini, G",2025,Tumor-specific major histocompatibility-II expression predicts pathological complete response to atezolizumab combined to chemotherapy in triple-negative breast cancer.,NPJ breast cancer,,10.1038/s41523-025-00828-6,41022779,,maybe,maybe,maybe,,AI screening (medium confidence): TNBC + ICI but setting unclear from title
ImSA202540997746,article,"Im, SA and Park, K and Koh, J and Park, C and Jung, KH and Lee, J and Ahn, HK and Lee, A and Sim, SH and Kim, MH and Kim, JH and Kim, JH and Lee, KE and Park, KH and Bae, J and Lee, MH and Lim, S and Kim, HJ and Lee, DW and Jeong, JH and Lee, KS and Sohn, J and Suh, KJ and Kim, JY and Cha, YJ and Moon, J and Ock, CY and Kim, SB and Shin, K and Chae, H and Kim, GM and Lee, KH and Park, WY and Park, YH and Park, IH",2025,Genomic and transcriptomic analyses of residual invasive triple-negative breast cancer after neoadjuvant chemotherapy in the prospective MIRINAE trial (a randomized phase II trial of adjuvant atezolizumab plus capecitabine compared to capecitabine; KCSG-BR18-21).,ESMO open,,10.1016/j.esmoop.2025.105804,40997746,,include,include,include,,AI screening (high confidence): TNBC + neoadjuvant + ICI + RCT
WeinfurtnerRJ202540945432,article,"Weinfurtner, RJ and Ataya, D and Funaro, K and Bhatt, A and Abdalah, M and Stringfield, O and Raghunand, N and Thompson, Z and Lee, MC and Czerniecki, B and Muller, AS and Soliman, H and Han, H",2025,Quantitative habitat concentration analysis of triple negative breast cancer on MRI correlates with pathologic response to combination neoadjuvant immuno/chemotherapy.,Clinical imaging,,10.1016/j.clinimag.2025.110618,40945432,,maybe,maybe,maybe,,AI screening (medium confidence): TNBC + neoadjuvant but intervention unclear
KolbergHC202540932365,article,"Kolberg, HC and Schumacher, J and Erber, R and Braun, M and Fasching, PA and Grischke, EM and Schem, C and Lux, MP and Deryal, M and Hoffmann, O and Heinrich, B and Kunz, G and Lübbe, K and Krabisch, P and Hartmann, A and Räth, P and Kasimir-Bauer, S and Kolberg-Liedtke, C",2025,Atezolizumab Monotherapy Window Preceding Combined Neoadjuvant Chemotherapy and Immune Therapy in Triple-Negative Breast Cancer-The neoMono Trial.,Clinical cancer research : an official journal of the American Association for Cancer Research,,10.1158/1078-0432.CCR-25-1288,40932365,,include,include,include,,AI screening (high confidence): TNBC + neoadjuvant + ICI + RCT
ContePF202540885530,article,"Conte, PF and Dieci, MV and Bisagni, G and Schmid, P and Zambelli, A and Piacentini, F and De Laurentiis, M and Favaretto, AG and Tamberi, S and Bianchi, GV and Zamagni, C and Cinieri, S and Corsi, DC and Del Mastro, L and Ferro, A and Gennari, A and Mion, M and Musolino, A and Nicolé, L and Del Bianco, P and De Salvo, GL and Guarneri, V",2025,A-BRAVE trial: a phase III randomized trial with anti-PD-L1 avelumab in high-risk triple-negative early breast cancer patients.,Annals of oncology : official journal of the European Society for Medical Oncology,,10.1016/j.annonc.2025.08.005,40885530,,maybe,maybe,maybe,,AI screening (medium confidence): TNBC + ICI but setting unclear from title
LiuZ202540864333,article,"Liu, Z and Liu, Z and Wang, M and Liu, Y and Zhou, X and Li, Y and Zhu, Z and Li, J and Han, J and Hou, Y and Zhao, B and Zhang, W and Zhao, F and Ren, D and Li, Z and Chen, Y and Huang, S and Da, M and Ma, X and Ma, X and Wang, R and Dong, Q and Cui, L and Bai, J and Shen, G and Zhao, J",2025,Transcriptomic and microenvironment characteristics of triple-negative breast cancer under three different neoadjuvant treatment regimens.,Breast cancer research and treatment,,10.1007/s10549-025-07810-7,40864333,,maybe,maybe,maybe,,AI screening (medium confidence): TNBC + neoadjuvant but intervention unclear
LeeJ202540783751,article,"Lee, J and Ahn, HK and Lee, KH and Jung, KH and Park, YH and Sim, SH and Kim, MH and Kim, JH and Kim, JH and Lee, KE and Park, KH and Bae, J and Lee, MH and Lim, S and Kim, HJ and Lee, DW and Jeong, JH and Kim, JY and Ahn, JS and Lee, KS and Sohn, J and Suh, KJ and Cha, YJ and Shin, K and Kim, SB and Chae, H and Kim, GM and Im, SA and Park, IH",2025,"Randomized, phase II trial to evaluate the efficacy and safety of atezolizumab plus capecitabine adjuvant therapy compared to capecitabine monotherapy for triple receptor-negative breast cancer with residual invasive cancer after neoadjuvant chemotherapy (MIRINAE trial, KCSG-BR18-21).",BMC cancer,,10.1186/s12885-025-14673-0,40783751,,exclude,exclude,exclude,Does not meet inclusion criteria,AI screening (low confidence): Does not meet inclusion criteria
LiuX202540691458,article,"Liu, X and Zhuang, C and Liu, L and Xiong, L and Xie, X and He, P and Li, J and Wei, B and Yan, X and Tian, T and Zhong, X and Chen, J and Cheng, Y and Zheng, D and Cheng, P and Sun, T and Li, W and Zhu, C and Chen, S and Fang, C and Fu, J and Li, S and Jing, J and Luo, T",2025,"Exploratory phase II trial of an anti-PD-1 antibody camrelizumab combined with a VEGFR-2 inhibitor apatinib and chemotherapy as a neoadjuvant therapy for triple-negative breast cancer (NeoPanDa03): efficacy, safety and biomarker analysis.",Signal transduction and targeted therapy,,10.1038/s41392-025-02337-1,40691458,,include,include,include,,AI screening (high confidence): TNBC + neoadjuvant + ICI + RCT
ZhangL202540541191,article,"Zhang, L and Yang, L and Ge, Y and Zhu, Z and Chen, B and Yang, C and Gao, H and Yang, M and Zhu, T and Wang, K",2025,Neoadjuvant anlotinib/sintilimab plus chemotherapy in triple-negative breast cancer (NeoSACT): Phase 2 trial.,Cell reports. Medicine,,10.1016/j.xcrm.2025.102193,40541191,,maybe,maybe,maybe,,AI screening (medium confidence): TNBC + neoadjuvant but intervention unclear
MittendorfEA202540467898,article,"Mittendorf, EA and Assaf, ZJ and Harbeck, N and Zhang, H and Saji, S and Jung, KH and Hegg, R and Koehler, A and Sohn, J and Iwata, H and Telli, ML and Ferrario, C and Punie, K and Qamra, A and Dieterich, M and Xu, Y and Liste-Hermoso, M and Shearer-Kang, E and Molinero, L and Chui, SY and Barrios, CH",2025,Peri-operative atezolizumab in early-stage triple-negative breast cancer: final results and ctDNA analyses from the randomized phase 3 IMpassion031 trial.,Nature medicine,,10.1038/s41591-025-03725-4,40467898,,include,include,include,,AI screening (high confidence): Known key trial: impassion031
LiuS202540422076,article,"Liu, S and Li, X and Wu, C and Yao, L and Dong, H and Zhang, H and Wang, Y and Wang, M and Xu, Y",2025,Efficacy and safety of neoadjuvant ICI combined with chemotherapy in breast cancer from the perspective of a privileged population: a systematic review and meta-analysis.,"International journal of surgery (London, England)",,10.1097/JS9.0000000000002528,40422076,,exclude,exclude,exclude,Review/meta-analysis/editorial,AI screening (high confidence): Review/meta-analysis/editorial
ChenX202540421023,article,"Chen, X and Ye, H and Xu, D and Chen, S and Wu, W and Qian, X and Zhang, X and Zou, X and Chen, J and Wang, X",2025,Pathological complete response and prognostic predictive factors of neoadjuvant chemoimmunotherapy in early stage triple-negative breast cancer.,Frontiers in immunology,,10.3389/fimmu.2025.1570394,40421023,,maybe,maybe,maybe,,AI screening (medium confidence): TNBC + neoadjuvant + ICI but trial type unclear
ZhangQ202540414961,article,"Zhang, Q and Wang, M and Li, Y and Zhang, H and Wang, Y and Chen, X and Yao, L and Cui, M and Dong, H and Li, X and Liu, J and Zhu, B and Xu, Y",2025,"Efficacy, safety and exploratory analysis of neoadjuvant tislelizumab (a PD-1 inhibitor) plus nab-paclitaxel followed by epirubicin/cyclophosphamide for triple-negative breast cancer: a phase 2 TREND trial.",Signal transduction and targeted therapy,,10.1038/s41392-025-02254-3,40414961,,include,include,include,,AI screening (high confidence): TNBC + neoadjuvant + ICI + RCT
ToneyNJ202540274284,article,"Toney, NJ and Lynch, MT and Lynce, F and Mainor, C and Isaacs, C and Schlom, J and Donahue, RN",2025,"Serum analytes as predictors of disease recurrence and the duration of invasive disease-free survival in patients with triple negative breast cancer enrolled in the OXEL trial treated with immunotherapy, chemotherapy, or chemoimmunotherapy.",Journal for immunotherapy of cancer,,10.1136/jitc-2024-011379,40274284,,maybe,maybe,maybe,,AI screening (medium confidence): TNBC + ICI but setting unclear from title
TajiT202540158494,article,"Taji, T and Kumamaru, H and Kataoka, Y and Iijima, K and Suwa, H and Ishiguro, H and Taira, N and Ishida, T and Saji, S",2025,Comparison of neoadjuvant and adjuvant chemotherapy for operable triple-negative breast cancer before the era of immune checkpoint inhibitors: A retrospective study from the Japanese National Clinical Database-Breast Cancer Registry.,"Breast (Edinburgh, Scotland)",,10.1016/j.breast.2025.104460,40158494,,exclude,exclude,exclude,Non-RCT study design,AI screening (high confidence): Non-RCT study design
RiosHoyoA202540107153,article,"Rios-Hoyo, A and Dai, J and Noel, T and Blenman, KRM and Park, T and Pusztai, L",2025,Immune-related adverse events are associated with better event-free survival in a phase I/II clinical trial of durvalumab concomitant with neoadjuvant chemotherapy in early-stage triple-negative breast cancer.,ESMO open,,10.1016/j.esmoop.2025.104494,40107153,,include,include,include,,AI screening (high confidence): TNBC + neoadjuvant + ICI + RCT
DentR202540069763,article,"Dent, R and Cortés, J and Park, YH and Muñoz-Couselo, E and Kim, SB and Sohn, J and Im, SA and Holgado, E and Foukakis, T and Kümmel, S and Yearley, J and Wang, A and Nebozhyn, M and Huang, L and Cristescu, R and Jelinic, P and Karantza, V and Schmid, P",2025,"Molecular determinants of response to neoadjuvant pembrolizumab plus chemotherapy in patients with high-risk, early-stage, triple-negative breast cancer: exploratory analysis of the open-label, multicohort phase 1b KEYNOTE-173 study.",Breast cancer research : BCR,,10.1186/s13058-024-01946-y,40069763,,maybe,maybe,maybe,,AI screening (medium confidence): TNBC + neoadjuvant + ICI but trial type unclear
ZdenkowskiN202540049198,article,"Zdenkowski, N and Kuper-Hommel, MJJ and Niman, SM and Francis, PA and Baron-Hay, S and Fox, W and Menzies, AM and Angus, R and Punie, K and Zardawi, S and Regan, MM and Loi, S",2025,"Timing of nivolumab with neoadjuvant carboplatin and paclitaxel for early triple-negative breast cancer (BCT1902/IBCSG 61-20; Neo-N): a non-comparative, open-label, randomised, phase 2 trial.",The Lancet. Oncology,,10.1016/S1470-2045(24)00757-5,40049198,,include,include,include,,AI screening (high confidence): TNBC + neoadjuvant + ICI + RCT
BearHD202540021215,article,"Bear, HD and Deng, X and Bandyopadhyay, D and Idowu, M and Jenkins, TM and Kmieciak, M and Williams, M and Archer, G and Gwaltney, L and Dillon, P and Flora, D and Stover, D and Poklepovic, AS and Hackney, M and Ross, M and Vachhani, H and Louie, R and McGuire, KP and Grover, A and Rahman, T and Hendrix, A",2025,T-cell immune checkpoint inhibition plus hypomethylation for locally advanced HER2-negative breast cancer: a phase 2 neoadjuvant window trial of decitabine and pembrolizumab followed by standard neoadjuvant chemotherapy.,Journal for immunotherapy of cancer,,10.1136/jitc-2024-010294,40021215,,maybe,maybe,maybe,,AI screening (low confidence): Breast cancer ICI trial - check if TNBC subgroup reported
AroraA202540011935,article,"Arora, A and Seenu, V and Parshad, R and Bansal, VK and Dhar, A and Mathur, S and Tanwar, P and Mishra, P and Kataria, K and Suhani and Gogia, A and Kumar, B and Haresh, KP and Mallick, S and Saini, SK and Mishra, A and Bansal, B and Sharma, J and Saikia, J and Rangarajan, K and Dhamija, E and Prasad, CP and Shamin, SA and Agastm, S and Kalra, K and Vishvam, D and Mani, K and Kumar, A and Bakhshi, S and Batra, A",2025,"A phase II, randomized, open-labeled study to evaluate low-dose pembrolizumab in addition to neoadjuvant chemotherapy for triple-negative breast cancer (TNBC).",Trials,,10.1186/s13063-025-08726-9,40011935,,include,include,include,,AI screening (high confidence): TNBC + neoadjuvant + ICI + RCT
DrobnieneM202539999766,article,"Drobniene, M and Breimelyte, D and Sadzeviciene, I and Sabaliauskaite, R and Valkiuniene, RB and Meskauskas, R and Dabkeviciene, D and Jarmalaite, S",2025,Comprehensive genomic profiling can predict response to neoadjuvant chemotherapy in triple-negative breast cancer.,"Breast (Edinburgh, Scotland)",,10.1016/j.breast.2025.104423,39999766,,maybe,maybe,maybe,,AI screening (medium confidence): TNBC + neoadjuvant but intervention unclear
YoshinoT202539992221,article,"Yoshino, T and Zhang, Z and Sato, R and Lipkowitz, S and Fujii, T",2025,Revisiting surrogacy of pathological complete response for long-term survival in triple-negative breast cancer.,JNCI cancer spectrum,,10.1093/jncics/pkaf022,39992221,,maybe,maybe,maybe,,AI screening (low confidence): TNBC-related but needs abstract review
McArthurHL202539917260,article,"McArthur, HL and Tolaney, SM and Dent, R and Schmid, P and Asselah, J and Liu, Q and Meisel, JL and Niikura, N and Park, YH and Werutsky, G and Bianchini, G and Andersen, JC and Kozarski, R and Rokutanda, N and Pistilli, B and Loibl, S",2025,TROPION-Breast04: a randomized phase III study of neoadjuvant datopotamab deruxtecan (Dato-DXd) plus durvalumab followed by adjuvant durvalumab versus standard of care in patients with treatment-naïve early-stage triple negative or HR-low/HER2- breast cancer.,Therapeutic advances in medical oncology,,10.1177/17588359251316176,39917260,,include,include,include,,AI screening (high confidence): TNBC + neoadjuvant + ICI + RCT
CardosoF202539838117,article,"Cardoso, F and O'Shaughnessy, J and Liu, Z and McArthur, H and Schmid, P and Cortes, J and Harbeck, N and Telli, ML and Cescon, DW and Fasching, PA and Shao, Z and Loirat, D and Park, YH and Fernandez, MG and Rubovszky, G and Spring, L and Im, SA and Hui, R and Takano, T and André, F and Yasojima, H and Ding, Y and Jia, L and Karantza, V and Tryfonidis, K and Bardia, A",2025,"Pembrolizumab and chemotherapy in high-risk, early-stage, ER<sup>+</sup>/HER2<sup>-</sup> breast cancer: a randomized phase 3 trial.",Nature medicine,,10.1038/s41591-024-03415-7,39838117,,maybe,maybe,maybe,,AI screening (low confidence): Breast cancer ICI trial - check if TNBC subgroup reported
ChenL202539671272,article,"Chen, L and Li, H and Zhang, H and Yang, H and Qian, J and Li, Z and Ren, Y and Wang, S and Fu, P and Yang, H and Liu, Y and Sun, J and Nie, J and Lei, R and Yao, Y and Zhang, A and Wang, S and Ma, X and Ouyang, Z and Yang, H and Wu, SY and Cao, SW and Wang, K and Jiang, A and Ouyang, Q and Pang, D and Wei, L and Zha, X and Shen, Y and Qu, X and Wu, F and Zhu, X and Wang, Z and Fan, L and Shao, ZM",2025,Camrelizumab vs Placebo in Combination With Chemotherapy as Neoadjuvant Treatment in Patients With Early or Locally Advanced Triple-Negative Breast Cancer: The CamRelief Randomized Clinical Trial.,JAMA,,10.1001/jama.2024.23560,39671272,,include,include,include,,AI screening (high confidence): Known key trial: camrelief
DenkertC202439566464,article,"Denkert, C and Schneeweiss, A and Rey, J and Karn, T and Hattesohl, A and Weber, KE and Rachakonda, S and Braun, M and Huober, J and Jank, P and Sinn, HP and Zahm, DM and Felder, B and Hanusch, C and Teply-Szymanski, J and Marmé, F and Fehm, T and Thomalla, J and Sinn, BV and Stiewe, T and Marczyk, M and Blohmer, JU and van Mackelenbergh, M and Schem, C and Staib, P and Link, T and Müller, V and Stickeler, E and Stover, DG and Solbach, C and Metzger-Filho, O and Jackisch, C and Geyer, CE and Fasching, PA and Pusztai, L and Nekljudova, V and Untch, M and Loibl, S",2024,Molecular adaptation to neoadjuvant immunotherapy in triple-negative breast cancer.,Cell reports. Medicine,,10.1016/j.xcrm.2024.101825,39566464,,maybe,maybe,maybe,,AI screening (medium confidence): TNBC + neoadjuvant + ICI but trial type unclear
GandhiS202439542655,article,"Gandhi, S and Slomba, RT and Janes, C and Fitzpatrick, V and Miller, J and Attwood, K and Ioannou, G and Ozbey, S and De Souza, I and Roudko, V and Kumar, P and Kalathil, S and Kokolus, KM and Wang, J and Cortes Gomez, E and Takabe, K and Edge, S and Young, J and Cappuccino, H and Opyrchal, M and O'Connor, T and Levine, EG and Gnjatic, S and Kalinski, P",2024,Systemic chemokine-modulatory regimen combined with neoadjuvant chemotherapy in patients with triple-negative breast cancer.,Journal for immunotherapy of cancer,,10.1136/jitc-2024-010058,39542655,,maybe,maybe,maybe,,AI screening (medium confidence): TNBC + neoadjuvant but intervention unclear
MartnM202539419289,article,"Martín, M and Stecklein, SR and Gluz, O and Villacampa, G and Monte-Millán, M and Nitz, U and Cobo, S and Christgen, M and Brasó-Maristany, F and Álvarez, EL and Echavarría, I and Conte, B and Kuemmel, S and Bueno-Muiño, C and Jerez, Y and Kates, R and Cebollero, M and Kolberg-Liedtke, C and Bueno, O and García-Saenz, JÁ and Moreno, F and Grischke, EM and Forstbauer, H and Braun, M and Warm, M and Hackmann, J and Uleer, C and Aktas, B and Schumacher, C and Wuerstleins, R and Graeser, M and Zu Eulenburg, C and Kreipe, HH and Gómez, H and Massarrah, T and Herrero, B and Paré, L and Bohn, U and López-Tarruella, S and Vivancos, A and Sanfeliu, E and Parker, JS and Perou, CM and Villagrasa, P and Prat, A and Sharma, P and Harbeck, N",2025,TNBC-DX genomic test in early-stage triple-negative breast cancer treated with neoadjuvant taxane-based therapy.,Annals of oncology : official journal of the European Society for Medical Oncology,,10.1016/j.annonc.2024.10.012,39419289,,maybe,maybe,maybe,,AI screening (medium confidence): TNBC + neoadjuvant but intervention unclear
KarciE202439410009,article,"Karci, E and Bilici, A and Bayram, B and Celayir, M and Ozyurt, N and Uluc, BO and Eken, A and Basaran, G and Demirci, U and Kemal, Y and Oruncu, MB and Olmez, OF and Selcukbiricik, F and Korkmaz, T and Erturk, I and Bilgetekin, I and Celik, S and Turkel, A and Alkan, A and Sakin, A and Can, O and Gunaldi, M and Esin, E and Yildiz, O",2024,Neoadjuvant Pembrolizumab Plus Chemotherapy in Early-Stage Triple-Negative Breast Cancer: A Nationwide Retrospective Turkish Oncology Group Study.,Cancers,,10.3390/cancers16193389,39410009,,exclude,exclude,exclude,Non-RCT study design,AI screening (high confidence): Non-RCT study design
DugoM202439308141,article,"Dugo, M and Huang, CS and Egle, D and Bermejo, B and Zamagni, C and Seitz, RS and Nielsen, TJ and Thill, M and Antón-Torres, A and Russo, S and Ciruelos, EM and Schweitzer, BL and Ross, DT and Galbardi, B and Greil, R and Semiglazov, V and Gyorffy, B and Colleoni, M and Kelly, CM and Mariani, G and Del Mastro, L and Blasi, O and Callari, M and Pusztai, L and Valagussa, P and Viale, G and Gianni, L and Bianchini, G",2024,The Immune-Related 27-Gene Signature DetermaIO Predicts Response to Neoadjuvant Atezolizumab plus Chemotherapy in Triple-Negative Breast Cancer.,Clinical cancer research : an official journal of the American Association for Cancer Research,,10.1158/1078-0432.CCR-24-0149,39308141,,maybe,maybe,maybe,,AI screening (medium confidence): TNBC + neoadjuvant + ICI but trial type unclear
HoAY202439298718,article,"Ho, AY and Shiao, S and Kobald, SA and Chen, J and Duda, DG and Ly, A and Bossuyt, V and Cho, HL and Arnold, B and Knott, S and Gupta, GP and McAndrew, P and Karlan, S and Tighiouart, M and Muzikansky, A and Basho, R and McArthur, H",2024,PEARL: A Phase Ib/II Biomarker Study of Adding Radiation Therapy to Pembrolizumab Before Neoadjuvant Chemotherapy in Human Epidermal Growth Factor Receptor 2-Negative Breast Cancer.,Journal of clinical oncology : official journal of the American Society of Clinical Oncology,,10.1200/JCO.24.00003,39298718,,maybe,maybe,maybe,,AI screening (low confidence): Breast cancer ICI trial - check if TNBC subgroup reported
NederlofI202439284953,article,"Nederlof, I and Isaeva, OI and de Graaf, M and Gielen, RCAM and Bakker, NAM and Rolfes, AL and Garner, H and Boeckx, B and Traets, JJH and Mandjes, IAM and de Maaker, M and van Brussel, T and Chelushkin, M and Champanhet, E and Lopez-Yurda, M and van de Vijver, K and van den Berg, JG and Hofland, I and Klioueva, N and Mann, RM and Loo, CE and van Duijnhoven, FH and Skinner, V and Luykx, S and Kerver, E and Kalashnikova, E and van Dongen, MGJ and Sonke, GS and Linn, SC and Blank, CU and de Visser, KE and Salgado, R and Wessels, LFA and Drukker, CA and Schumacher, TN and Horlings, HM and Lambrechts, D and Kok, M",2024,Neoadjuvant nivolumab or nivolumab plus ipilimumab in early-stage triple-negative breast cancer: a phase 2 adaptive trial.,Nature medicine,,10.1038/s41591-024-03249-3,39284953,,include,include,include,,AI screening (high confidence): TNBC + neoadjuvant + ICI + RCT
SchmidP202439282906,article,"Schmid, P and Cortes, J and Dent, R and McArthur, H and Pusztai, L and Kümmel, S and Denkert, C and Park, YH and Hui, R and Harbeck, N and Takahashi, M and Im, SA and Untch, M and Fasching, PA and Mouret-Reynier, MA and Foukakis, T and Ferreira, M and Cardoso, F and Zhou, X and Karantza, V and Tryfonidis, K and Aktan, G and O'Shaughnessy, J",2024,Overall Survival with Pembrolizumab in Early-Stage Triple-Negative Breast Cancer.,The New England journal of medicine,,10.1056/NEJMoa2409932,39282906,,maybe,maybe,maybe,,AI screening (medium confidence): TNBC + ICI but setting unclear from title
VillacampaG202439207778,article,"Villacampa, G and Navarro, V and Matikas, A and Ribeiro, JM and Schettini, F and Tolosa, P and Martínez-Sáez, O and Sánchez-Bayona, R and Ferrero-Cafiero, JM and Salvador, F and Papakonstantinou, A and Prat, A and Oliveira, M and Pascual, T",2024,Neoadjuvant Immune Checkpoint Inhibitors Plus Chemotherapy in Early Breast Cancer: A Systematic Review and Meta-Analysis.,JAMA oncology,,10.1001/jamaoncol.2024.3456,39207778,,exclude,exclude,exclude,Review/meta-analysis/editorial,AI screening (high confidence): Review/meta-analysis/editorial
KwongA202439037537,article,"Kwong, A and Leung, R and Chan, TC and Khandelwal, A and Mishra, K and Huang, M",2024,Cost-effectiveness of Pembrolizumab in Combination with Chemotherapy as Neoadjuvant Treatment and Continued as a Single Agent Adjuvant Treatment for High-Risk Early-Stage Triple-Negative Breast Cancer in Hong Kong.,Oncology and therapy,,10.1007/s40487-024-00285-4,39037537,,maybe,maybe,maybe,,AI screening (medium confidence): TNBC + neoadjuvant + ICI but trial type unclear
TolaneySM202438922307,article,"Tolaney, SM and DeMichele, A and Takano, T and Rugo, HS and Perou, C and Lynce, F and Parsons, HA and Santa-Maria, CA and Rocque, GB and Yao, W and Sun, SW and Mocci, S and Partridge, AH and Carey, LA",2024,OptimICE-RD: sacituzumab govitecan + pembrolizumab vs pembrolizumab (± capecitabine) for residual triple-negative breast cancer.,"Future oncology (London, England)",,10.1080/14796694.2024.2357534,38922307,,maybe,maybe,maybe,,AI screening (medium confidence): TNBC + ICI but setting unclear from title
DentR202438913881,article,"Dent, R and Cortés, J and Pusztai, L and McArthur, H and Kümmel, S and Bergh, J and Denkert, C and Park, YH and Hui, R and Harbeck, N and Takahashi, M and Untch, M and Fasching, PA and Cardoso, F and Haiderali, A and Jia, L and Nguyen, AM and Pan, W and O'Shaughnessy, J and Schmid, P",2024,Neoadjuvant pembrolizumab plus chemotherapy/adjuvant pembrolizumab for early-stage triple-negative breast cancer: quality-of-life results from the randomized KEYNOTE-522 study.,Journal of the National Cancer Institute,,10.1093/jnci/djae129,38913881,,include,include,include,,AI screening (high confidence): TNBC + neoadjuvant + ICI + RCT
WangC202438886794,article,"Wang, C and Yuan, L and Wu, X and Wang, Y and Tian, H and Zhang, G and Wan, A and Xiong, S and Wang, C and Zhou, Y and Ma, D and Bao, Y and Qu, M and Jiang, J and Zhang, Y and Qi, X",2024,"Taxane combined with lobaplatin or anthracycline for neoadjuvant chemotherapy of triple-negative breast cancer: a randomized, controlled, phase II study.",BMC medicine,,10.1186/s12916-024-03474-0,38886794,,maybe,maybe,maybe,,AI screening (medium confidence): TNBC + neoadjuvant but intervention unclear
BardiaA202438686016,article,"Bardia, A and Pusztai, L and Albain, K and Ciruelos, EM and Im, SA and Hershman, D and Kalinsky, K and Isaacs, C and Loirat, D and Testa, L and Tokunaga, E and Wu, J and Dry, H and Barlow, W and Kozarski, R and Maxwell, M and Harbeck, N and Sharma, P",2024,TROPION-Breast03: a randomized phase III global trial of datopotamab deruxtecan ± durvalumab in patients with triple-negative breast cancer and residual invasive disease at surgical resection after neoadjuvant therapy.,Therapeutic advances in medical oncology,,10.1177/17588359241248336,38686016,,include,include,include,,AI screening (high confidence): TNBC + neoadjuvant + ICI + RCT
LiuZ202438594636,article,"Liu, Z and Li, J and Zhao, F and Ren, D and Li, Z and Chen, Y and Huang, S and Liu, Z and Zhao, Y and Wang, M and Li, H and Xu, Z and Shen, G and Zhao, J",2024,Long-term survival after neoadjuvant therapy for triple-negative breast cancer under different treatment regimens: a systematic review and network meta-analysis.,BMC cancer,,10.1186/s12885-024-12222-9,38594636,,exclude,exclude,exclude,Review/meta-analysis/editorial,AI screening (high confidence): Review/meta-analysis/editorial
LynceF202438538574,article,"Lynce, F and Mainor, C and Donahue, RN and Geng, X and Jones, G and Schlam, I and Wang, H and Toney, NJ and Jochems, C and Schlom, J and Zeck, J and Gallagher, C and Nanda, R and Graham, D and Stringer-Reasor, EM and Denduluri, N and Collins, J and Chitalia, A and Tiwari, S and Nunes, R and Kaltman, R and Khoury, K and Gatti-Mays, M and Tarantino, P and Tolaney, SM and Swain, SM and Pohlmann, P and Parsons, HA and Isaacs, C",2024,"Adjuvant nivolumab, capecitabine or the combination in patients with residual triple-negative breast cancer: the OXEL randomized phase II study.",Nature communications,,10.1038/s41467-024-46961-x,38538574,,maybe,maybe,maybe,,AI screening (medium confidence): TNBC + ICI but setting unclear from title
WeiY202438423376,article,"Wei, Y and Wu, Y and Luo, Y and Ma, F",2024,Clinical characteristics associated with efficacy and prognosis among patients treated with PD-1/PD-L1 inhibitors for early-stage triple-negative breast cancers: A meta-analysis.,Critical reviews in oncology/hematology,,10.1016/j.critrevonc.2024.104309,38423376,,exclude,exclude,exclude,Review/meta-analysis/editorial,AI screening (high confidence): Review/meta-analysis/editorial
PetrelliF202438399628,article,"Petrelli, F and Tomasello, G and Parati, MC and Ghidini, A and Ghidini, M and Borgonovo, K and Cabiddu, M and Ghilardi, M and Reduzzi, R and Gambini, D and Zaniboni, A and Faustinelli, G and Garrone, O",2024,Different Chemotherapy Regimens and Pathologic Complete Response in Triple-Negative Breast Cancer: An Updated Network Meta-Analysis of Phase 3 Trials.,"Medicina (Kaunas, Lithuania)",,10.3390/medicina60020341,38399628,,exclude,exclude,exclude,Review/meta-analysis/editorial,AI screening (high confidence): Review/meta-analysis/editorial
PusztaiL202438369015,article,"Pusztai, L and Denkert, C and O'Shaughnessy, J and Cortes, J and Dent, R and McArthur, H and Kümmel, S and Bergh, J and Park, YH and Hui, R and Harbeck, N and Takahashi, M and Untch, M and Fasching, PA and Cardoso, F and Zhu, Y and Pan, W and Tryfonidis, K and Schmid, P",2024,Event-free survival by residual cancer burden with pembrolizumab in early-stage TNBC: exploratory analysis from KEYNOTE-522.,Annals of oncology : official journal of the European Society for Medical Oncology,,10.1016/j.annonc.2024.02.002,38369015,,maybe,maybe,maybe,,AI screening (medium confidence): TNBC + ICI but setting unclear from title
ChenG202338131294,article,"Chen, G and Gu, X and Xue, J and Zhang, X and Yu, X and Zhang, Y and Li, A and Zhao, Y and He, G and Tang, M and Xing, F and Yin, J and Bian, X and Han, Y and Cao, S and Liu, C and Jiang, X and Zhang, K and Xia, Y and Li, H and Niu, N and Liu, C",2023,Effects of neoadjuvant stereotactic body radiotherapy plus adebrelimab and chemotherapy for triple-negative breast cancer: A pilot study.,eLife,,10.7554/eLife.91737,38131294,,maybe,maybe,maybe,,AI screening (medium confidence): TNBC + neoadjuvant but intervention unclear
ZhengC202438116673,article,"Zheng, C and Liu, Y and Wang, X and Bi, Z and Qiu, P and Qiao, G and Bi, X and Shi, Z and Zhang, Z and Chen, P and Sun, X and Wang, C and Zhu, S and Meng, X and Song, Y and Qi, Y and Li, L and Luo, N and Wang, Y",2024,Clinical efficacy and biomarker analysis of neoadjuvant camrelizumab plus chemotherapy for early-stage triple-negative breast cancer: a experimental single-arm phase II clinical trial pilot study.,"International journal of surgery (London, England)",,10.1097/JS9.0000000000001011,38116673,,include,include,include,,AI screening (high confidence): TNBC + neoadjuvant + ICI + RCT
LynceF202338105958,article,"Lynce, F and Mainor, C and Donahue, RN and Geng, X and Jones, G and Schlam, I and Wang, H and Toney, NJ and Jochems, C and Schlom, J and Zeck, J and Gallagher, C and Nanda, R and Graham, D and Stringer-Reasor, EM and Denduluri, N and Collins, J and Chitalia, A and Tiwari, S and Nunes, R and Kaltman, R and Khoury, K and Gatti-Mays, M and Tarantino, P and Tolaney, SM and Swain, SM and Pohlmann, P and Parsons, HA and Isaacs, C",2023,"Adjuvant nivolumab, capecitabine or the combination in patients with residual triple-negative breast cancer: the OXEL randomized phase II study.",medRxiv : the preprint server for health sciences,,10.1101/2023.12.04.23297559,38105958,,maybe,maybe,maybe,,AI screening (medium confidence): TNBC + ICI but setting unclear from title
CunhaMT202438012381,article,"Cunha, MT and Gouveia, MC and Neto, FL and Testa, L and Hoff, PM and de Azambuja, E and Bonadio, RC",2024,Long-term outcomes of neoadjuvant immunotherapy plus chemotherapy in patients with early-stage triple-negative breast cancer: an extracted individual patient data and trial-level meta-analysis.,British journal of cancer,,10.1038/s41416-023-02501-w,38012381,,exclude,exclude,exclude,Review/meta-analysis/editorial,AI screening (high confidence): Review/meta-analysis/editorial
FavreBulleA202437999854,article,"Favre-Bulle, A and Huang, M and Haiderali, A and Bhadhuri, A",2024,"Cost-Effectiveness of Neoadjuvant Pembrolizumab plus Chemotherapy Followed by Adjuvant Pembrolizumab in Patients with High-Risk, Early-Stage, Triple-Negative Breast Cancer in Switzerland.",PharmacoEconomics - open,,10.1007/s41669-023-00445-8,37999854,,maybe,maybe,maybe,,AI screening (medium confidence): TNBC + neoadjuvant + ICI but trial type unclear
SharmaP202437991778,article,"Sharma, P and Stecklein, SR and Yoder, R and Staley, JM and Schwensen, K and O'Dea, A and Nye, L and Satelli, D and Crane, G and Madan, R and O'Neil, MF and Wagner, J and Larson, KE and Balanoff, C and Kilgore, L and Phadnis, MA and Godwin, AK and Salgado, R and Khan, QJ and O'Shaughnessy, J",2024,Clinical and Biomarker Findings of Neoadjuvant Pembrolizumab and Carboplatin Plus Docetaxel in Triple-Negative Breast Cancer: NeoPACT Phase 2 Clinical Trial.,JAMA oncology,,10.1001/jamaoncol.2023.5033,37991778,,include,include,include,,AI screening (high confidence): Known key trial: neopact
TakahashiM202337966841,article,"Takahashi, M and Cortés, J and Dent, R and Pusztai, L and McArthur, H and Kümmel, S and Denkert, C and Park, YH and Im, SA and Ahn, JH and Mukai, H and Huang, CS and Chen, SC and Kim, MH and Jia, L and Li, XT and Tryfonidis, K and Karantza, V and Iwata, H and Schmid, P",2023,Pembrolizumab Plus Chemotherapy Followed by Pembrolizumab in Patients With Early Triple-Negative Breast Cancer: A Secondary Analysis of a Randomized Clinical Trial.,JAMA network open,,10.1001/jamanetworkopen.2023.42107,37966841,,maybe,maybe,maybe,,AI screening (medium confidence): TNBC + ICI but setting unclear from title
WangC202337863916,article,"Wang, C and Liu, Z and Chen, X and Qiao, J and Lu, Z and Li, L and Sun, X and Zhang, C and Yue, X and Xia, Q and Zhang, H and Yan, M",2023,Neoadjuvant camrelizumab plus nab-paclitaxel and epirubicin in early triple-negative breast cancer: a single-arm phase II trial.,Nature communications,,10.1038/s41467-023-42479-w,37863916,,include,include,include,,AI screening (high confidence): TNBC + neoadjuvant + ICI + RCT
VliekS202337689749,article,"Vliek, S and Hilbers, FS and van Werkhoven, E and Mandjes, I and Kessels, R and Kleiterp, S and Lips, EH and Mulder, L and Kayembe, MT and Loo, CE and Russell, NS and Vrancken Peeters, MTFD and Holtkamp, MJ and Schot, M and Baars, JW and Honkoop, AH and Vulink, AJE and Imholz, ALT and Vrijaldenhoven, S and van den Berkmortel, FWPJ and Meerum Terwogt, JM and Schrama, JG and Kuijer, P and Kroep, JR and van der Padt-Pruijsten, A and Wesseling, J and Sonke, GS and Gilhuijs, KGA and Jager, A and Nederlof, P and Linn, SC",2023,High-dose alkylating chemotherapy in BRCA-altered triple-negative breast cancer: the randomized phase III NeoTN trial.,NPJ breast cancer,,10.1038/s41523-023-00580-9,37689749,,maybe,maybe,maybe,,AI screening (low confidence): TNBC-related but needs abstract review
WangXQ202337674077,article,"Wang, XQ and Danenberg, E and Huang, CS and Egle, D and Callari, M and Bermejo, B and Dugo, M and Zamagni, C and Thill, M and Anton, A and Zambelli, S and Russo, S and Ciruelos, EM and Greil, R and Győrffy, B and Semiglazov, V and Colleoni, M and Kelly, CM and Mariani, G and Del Mastro, L and Biasi, O and Seitz, RS and Valagussa, P and Viale, G and Gianni, L and Bianchini, G and Ali, HR",2023,Spatial predictors of immunotherapy response in triple-negative breast cancer.,Nature,,10.1038/s41586-023-06498-3,37674077,,maybe,maybe,maybe,,AI screening (medium confidence): TNBC + ICI but setting unclear from title
CortesJ202337612624,article,"Cortes, J and Haiderali, A and Huang, M and Pan, W and Schmid, P and Akers, KG and Park, JE and Frederickson, AM and Fasching, PA and O'Shaughnessy, J",2023,"Neoadjuvant immunotherapy and chemotherapy regimens for the treatment of high-risk, early-stage triple-negative breast cancer: a systematic review and network meta-analysis.",BMC cancer,,10.1186/s12885-023-11293-4,37612624,,exclude,exclude,exclude,Review/meta-analysis/editorial,AI screening (high confidence): Review/meta-analysis/editorial
ElmakatyI202337170090,article,"Elmakaty, I and Abdo, R and Elsabagh, A and Elsayed, A and Malki, MI",2023,Comparative efficacy and safety of PD-1/PD-L1 inhibitors in triple negative breast cancer: a systematic review and network meta-analysis of randomized controlled trials.,Cancer cell international,,10.1186/s12935-023-02941-7,37170090,,exclude,exclude,exclude,Review/meta-analysis/editorial,AI screening (high confidence): Review/meta-analysis/editorial
YamC202337061619,article,"Yam, C and Mittendorf, EA and Garber, HR and Sun, R and Damodaran, S and Murthy, RK and Ramirez, D and Karuturi, M and Layman, RM and Ibrahim, N and Rauch, GM and Adrada, BE and Candelaria, RP and White, JB and Ravenberg, E and Clayborn, A and Ding, QQ and Symmans, WF and Prabhakaran, S and Thompson, AM and Valero, V and Tripathy, D and Huo, L and Moulder, SL and Litton, JK",2023,A phase II study of neoadjuvant atezolizumab and nab-paclitaxel in patients with anthracycline-resistant early-stage triple-negative breast cancer.,Breast cancer research and treatment,,10.1007/s10549-023-06929-9,37061619,,include,include,include,,AI screening (high confidence): TNBC + neoadjuvant + ICI + RCT
FaschingPA202336871424,article,"Fasching, PA and Hein, A and Kolberg, HC and Häberle, L and Uhrig, S and Rübner, M and Belleville, E and Hack, CC and Fehm, TN and Janni, W and Hartmann, A and Erber, R and Theuser, AK and Brucker, SY and Hartkopf, AD and Untch, M",2023,"Pembrolizumab in combination with nab-paclitaxel for the treatment of patients with early-stage triple-negative breast cancer - A single-arm phase II trial (NeoImmunoboost, AGO-B-041).","European journal of cancer (Oxford, England : 1990)",,10.1016/j.ejca.2023.01.001,36871424,,maybe,maybe,maybe,,AI screening (medium confidence): TNBC + ICI but setting unclear from title
ZhangL202336652665,article,"Zhang, L and Wu, Z and Li, J and Zhu, D and Yang, L and Shao, Y and Lin, Y and Liu, Z and Cao, Y and Zhang, G and Shang, S and Zhang, Y and Wang, K",2023,Impact of Homologous Recombination Deficiency on Outcomes in Patients With Triple-Negative Breast Cancer Treated With Carboplatin-Based Neoadjuvant Chemotherapy: Secondary Analysis of the NeoCART Randomized Clinical Trial.,JCO precision oncology,,10.1200/PO.22.00337,36652665,,maybe,maybe,maybe,,AI screening (medium confidence): TNBC + neoadjuvant but intervention unclear
HuangM202336648737,article,"Huang, M and A Fasching, P and Haiderali, A and Xue, W and Yang, C and Pan, W and Zhou, ZY and Hu, P and Chaudhuri, M and Le Bailly De Tilleghem, C and Cappoen, N and O'Shaughnessy, J",2023,Cost-Effectiveness of Neoadjuvant Pembrolizumab Plus Chemotherapy Followed by Adjuvant Single-Agent Pembrolizumab for High-Risk Early-Stage Triple-Negative Breast Cancer in the United States.,Advances in therapy,,10.1007/s12325-022-02365-1,36648737,,maybe,maybe,maybe,,AI screening (medium confidence): TNBC + neoadjuvant + ICI but trial type unclear
AdemuyiwaFO202236585404,article,"Ademuyiwa, FO and Gao, F and Street, CR and Chen, I and Northfelt, DW and Wesolowski, R and Arora, M and Brufsky, A and Dees, EC and Santa-Maria, CA and Connolly, RM and Force, J and Moreno-Aspitia, A and Herndon, JM and Carmody, M and Davies, SR and Larson, S and Pfaff, KL and Jones, SM and Weirather, JL and Giobbie-Hurder, A and Rodig, SJ and Liu, Z and Hagemann, IS and Sharon, E and Gillanders, WE",2022,A randomized phase 2 study of neoadjuvant carboplatin and paclitaxel with or without atezolizumab in triple negative breast cancer (TNBC) - NCI 10013.,NPJ breast cancer,,10.1038/s41523-022-00500-3,36585404,,include,include,include,,AI screening (high confidence): TNBC + neoadjuvant + ICI + RCT
TurnerNC202336423745,article,"Turner, NC and Swift, C and Jenkins, B and Kilburn, L and Coakley, M and Beaney, M and Fox, L and Goddard, K and Garcia-Murillas, I and Proszek, P and Hall, P and Harper-Wynne, C and Hickish, T and Kernaghan, S and Macpherson, IR and Okines, AFC and Palmieri, C and Perry, S and Randle, K and Snowdon, C and Stobart, H and Wardley, AM and Wheatley, D and Waters, S and Winter, MC and Hubank, M and Allen, SD and Bliss, JM",2023,Results of the c-TRAK TN trial: a clinical trial utilising ctDNA mutation tracking to detect molecular residual disease and trigger intervention in patients with moderate- and high-risk early-stage triple-negative breast cancer.,Annals of oncology : official journal of the European Society for Medical Oncology,,10.1016/j.annonc.2022.11.005,36423745,,maybe,maybe,maybe,,AI screening (low confidence): TNBC-related but needs abstract review
MittalN202236412440,article,"Mittal, N and Singh, S and Mittal, R and Kaushal, J and Kaushal, V",2022,Immune checkpoint inhibitors as neoadjuvant therapy in early triple-negative breast cancer: A systematic review and meta-analysis.,Journal of cancer research and therapeutics,,10.4103/jcrt.jcrt_1867_20,36412440,,exclude,exclude,exclude,Review/meta-analysis/editorial,AI screening (high confidence): Review/meta-analysis/editorial
LinYY202236265208,article,"Lin, YY and Gao, HF and Yang, X and Zhu, T and Zheng, XX and Ji, F and Zhang, LL and Yang, CQ and Yang, M and Li, JQ and Cheng, MY and Wang, K",2022,Neoadjuvant therapy in triple-negative breast cancer: A systematic review and network meta-analysis.,"Breast (Edinburgh, Scotland)",,10.1016/j.breast.2022.08.006,36265208,,exclude,exclude,exclude,Review/meta-analysis/editorial,AI screening (high confidence): Review/meta-analysis/editorial
QiY202236188589,article,"Qi, Y and Zhang, W and Jiang, R and Xu, O and Kong, X and Zhang, L and Fang, Y and Wang, J and Wang, J",2022,Efficacy and safety of PD-1 and PD-L1 inhibitors combined with chemotherapy in randomized clinical trials among triple-negative breast cancer.,Frontiers in pharmacology,,10.3389/fphar.2022.960323,36188589,,maybe,maybe,maybe,,AI screening (medium confidence): TNBC + ICI but setting unclear from title
BarriosCH202236123366,article,"Barrios, CH and Saji, S and Harbeck, N and Zhang, H and Jung, KH and Patel, S and Patel, S and Duc, AN and Liste-Hermoso, M and Chui, SY and Mittendorf, EA",2022,Patient-reported outcomes from a randomized trial of neoadjuvant atezolizumab-chemotherapy in early triple-negative breast cancer.,NPJ breast cancer,,10.1038/s41523-022-00457-3,36123366,,include,include,include,,AI screening (high confidence): TNBC + neoadjuvant + ICI + RCT
LoiblS202235961599,article,"Loibl, S and Schneeweiss, A and Huober, J and Braun, M and Rey, J and Blohmer, JU and Furlanetto, J and Zahm, DM and Hanusch, C and Thomalla, J and Jackisch, C and Staib, P and Link, T and Rhiem, K and Solbach, C and Fasching, PA and Nekljudova, V and Denkert, C and Untch, M",2022,Neoadjuvant durvalumab improves survival in early triple-negative breast cancer independent of pathological complete response.,Annals of oncology : official journal of the European Society for Medical Oncology,,10.1016/j.annonc.2022.07.1940,35961599,,maybe,maybe,maybe,,AI screening (medium confidence): TNBC + neoadjuvant + ICI but trial type unclear
ShahM202235925043,article,"Shah, M and Osgood, CL and Amatya, AK and Fiero, MH and Pierce, WF and Nair, A and Herz, J and Robertson, KJ and Mixter, BD and Tang, S and Pazdur, R and Beaver, JA and Amiri-Kordestani, L",2022,FDA Approval Summary: Pembrolizumab for Neoadjuvant and Adjuvant Treatment of Patients with High-Risk Early-Stage Triple-Negative Breast Cancer.,Clinical cancer research : an official journal of the American Association for Cancer Research,,10.1158/1078-0432.CCR-22-1110,35925043,,maybe,maybe,maybe,,AI screening (medium confidence): TNBC + neoadjuvant + ICI but trial type unclear
FoldiJ202235903931,article,"Foldi, J and Kahn, A and Silber, A and Qing, T and Reisenbichler, E and Fischbach, N and Persico, J and Adelson, K and Katoch, A and Chagpar, A and Park, T and Blanchard, A and Blenman, K and Rimm, DL and Pusztai, L",2022,Clinical Outcomes and Immune Markers by Race in a Phase I/II Clinical Trial of Durvalumab Concomitant with Neoadjuvant Chemotherapy in Early-Stage TNBC.,Clinical cancer research : an official journal of the American Association for Cancer Research,,10.1158/1078-0432.CCR-22-0862,35903931,,include,include,include,,AI screening (high confidence): TNBC + neoadjuvant + ICI + RCT
SantaMariaCA202235830893,article,"Santa-Maria, CA and O'Donnell, M and Nunes, R and Wright, JL and Stearns, V",2022,Integrating Immunotherapy in Early-Stage Triple-Negative Breast Cancer: Practical Evidence-Based Considerations.,Journal of the National Comprehensive Cancer Network : JNCCN,,10.6004/jnccn.2022.7025,35830893,,maybe,maybe,maybe,,AI screening (medium confidence): TNBC + ICI but setting unclear from title
ImanishiS202235766179,article,"Imanishi, S and Morishima, H and Gotoh, T",2022,Significance of the effects of chemotherapy on programmed death-ligand 1 expression in triple-negative breast cancer.,Japanese journal of clinical oncology,,10.1093/jjco/hyac106,35766179,,maybe,maybe,maybe,,AI screening (low confidence): TNBC-related but needs abstract review
GiuglianoF202235762248,article,"Giugliano, F and Valenza, C and Tarantino, P and Curigliano, G",2022,Immunotherapy for triple negative breast cancer: How can pathologic responses to experimental drugs in early-stage disease be enhanced?,Expert opinion on investigational drugs,,10.1080/13543784.2022.2095260,35762248,,maybe,maybe,maybe,,AI screening (medium confidence): TNBC + ICI but setting unclear from title
SajiS202235750038,article,"Saji, S and Ohsumi, S and Ito, M and Hayashi, N and Kobayashi, K and Masuda, N and Niikura, N and Yamashita, T and Kiyama, K and Hasegawa, A and Nakagawa, S and Hattori, M",2022,"Subgroup analysis of Japanese patients in a phase III randomized, controlled study of neoadjuvant atezolizumab or placebo, combined with nab-paclitaxel and anthracycline-based chemotherapy in early triple-negative breast cancer (IMpassion031).",Japanese journal of clinical oncology,,10.1093/jjco/hyac098,35750038,,include,include,include,,AI screening (high confidence): Known key trial: impassion031
DixonDouglasJ202235649211,article,"Dixon-Douglas, J and Loibl, S and Denkert, C and Telli, M and Loi, S",2022,Integrating Immunotherapy Into the Treatment Landscape for Patients With Triple-Negative Breast Cancer.,American Society of Clinical Oncology educational book. American Society of Clinical Oncology. Annual Meeting,,10.1200/EDBK_351186,35649211,,maybe,maybe,maybe,,AI screening (medium confidence): TNBC + ICI but setting unclear from title
LoiblS202235595658,article,"Loibl, S and Untch, M and Burchardi, N and Huober, J and Sinn, BV and Blohmer, JU and Grischke, EM and Furlanetto, J and Tesch, H and Hanusch, C and Engels, K and Rezai, M and Jackisch, C and Schmitt, WD and von Minckwitz, G and Thomalla, J and Kümmel, S and Rautenberg, B and Fasching, PA and Weber, K and Rhiem, K and Denkert, C and Schneeweiss, A",2022,"Corrigendum to ""A randomised phase II study investigating durvalumab in addition to an anthracycline taxane-based neoadjuvant therapy in early triple-negative breast cancer: clinical results and biomarker analysis of GeparNuevo study"": [Annals of Oncology (2019), volume 30:1279-1288].",Annals of oncology : official journal of the European Society for Medical Oncology,,10.1016/j.annonc.2022.04.003,35595658,,include,include,include,,AI screening (high confidence): Known key trial: geparnuevo
BagegniNA202235515356,article,"Bagegni, NA and Davis, AA and Clifton, KK and Ademuyiwa, FO",2022,Targeted Treatment for High-Risk Early-Stage Triple-Negative Breast Cancer: Spotlight on Pembrolizumab.,Breast cancer (Dove Medical Press),,10.2147/BCTT.S293597,35515356,,maybe,maybe,maybe,,AI screening (medium confidence): TNBC + ICI but setting unclear from title
BlenmanKRM202235377948,article,"Blenman, KRM and Marczyk, M and Karn, T and Qing, T and Li, X and Gunasekharan, V and Yaghoobi, V and Bai, Y and Ibrahim, EY and Park, T and Silber, A and Wolf, DM and Reisenbichler, E and Denkert, C and Sinn, BV and Rozenblit, M and Foldi, J and Rimm, DL and Loibl, S and Pusztai, L",2022,Predictive Markers of Response to Neoadjuvant Durvalumab with Nab-Paclitaxel and Dose-Dense Doxorubicin/Cyclophosphamide in Basal-Like Triple-Negative Breast Cancer.,Clinical cancer research : an official journal of the American Association for Cancer Research,,10.1158/1078-0432.CCR-21-3215,35377948,,maybe,maybe,maybe,,AI screening (medium confidence): TNBC + neoadjuvant + ICI but trial type unclear
MatuschekC202235267554,article,"Matuschek, C and Jazmati, D and Bölke, E and Tamaskovics, B and Corradini, S and Budach, W and Krug, D and Mohrmann, S and Ruckhäberle, E and Fehm, T and Nestle Krämling, C and Dommach, M and Haussmann, J",2022,Post-Neoadjuvant Treatment Strategies in Breast Cancer.,Cancers,,10.3390/cancers14051246,35267554,,exclude,exclude,exclude,Not TNBC-specific,AI screening (high confidence): Not TNBC-specific
GianniL202235182721,article,"Gianni, L and Huang, CS and Egle, D and Bermejo, B and Zamagni, C and Thill, M and Anton, A and Zambelli, S and Bianchini, G and Russo, S and Ciruelos, EM and Greil, R and Semiglazov, V and Colleoni, M and Kelly, C and Mariani, G and Del Mastro, L and Maffeis, I and Valagussa, P and Viale, G",2022,"Pathologic complete response (pCR) to neoadjuvant treatment with or without atezolizumab in triple-negative, early high-risk and locally advanced breast cancer: NeoTRIP Michelangelo randomized study.",Annals of oncology : official journal of the European Society for Medical Oncology,,10.1016/j.annonc.2022.02.004,35182721,,include,include,include,,AI screening (high confidence): Known key trial: neotrip
LiJ202235170879,article,"Li, J and Chen, L and Tan, W and Qi, F and Zhang, Y and Wang, Z and Shao, Z",2022,Platinum is essential in neoadjuvant treatment of triple-negative breast cancer: a network meta-analysis.,Cancer biology & medicine,,10.20892/j.issn.2095-3941.2021.0529,35170879,,exclude,exclude,exclude,Review/meta-analysis/editorial,AI screening (high confidence): Review/meta-analysis/editorial
VillacampaG202235144055,article,"Villacampa, G and Tolosa, P and Salvador, F and Sánchez-Bayona, R and Villanueva, L and Dienstmann, R and Ciruelos, E and Pascual, T",2022,Addition of immune checkpoint inhibitors to chemotherapy versus chemotherapy alone in first-line metastatic triple-negative breast cancer: A systematic review and meta-analysis.,Cancer treatment reviews,,10.1016/j.ctrv.2022.102352,35144055,,exclude,exclude,exclude,Review/meta-analysis/editorial,AI screening (high confidence): Review/meta-analysis/editorial
SchmidP202235139274,article,"Schmid, P and Cortes, J and Dent, R and Pusztai, L and McArthur, H and Kümmel, S and Bergh, J and Denkert, C and Park, YH and Hui, R and Harbeck, N and Takahashi, M and Untch, M and Fasching, PA and Cardoso, F and Andersen, J and Patt, D and Danso, M and Ferreira, M and Mouret-Reynier, MA and Im, SA and Ahn, JH and Gion, M and Baron-Hay, S and Boileau, JF and Ding, Y and Tryfonidis, K and Aktan, G and Karantza, V and O'Shaughnessy, J",2022,Event-free Survival with Pembrolizumab in Early Triple-Negative Breast Cancer.,The New England journal of medicine,,10.1056/NEJMoa2112651,35139274,,maybe,maybe,maybe,,AI screening (medium confidence): TNBC + ICI but setting unclear from title
BrownLC202234996667,article,"Brown, LC and Loi, S",2022,Immune checkpoint inhibition in the treatment of early stage triple negative breast cancer: 2021 update.,"Breast (Edinburgh, Scotland)",,10.1016/j.breast.2021.12.018,34996667,,maybe,maybe,maybe,,AI screening (medium confidence): TNBC + ICI but setting unclear from title
ZongY202134888495,article,"Zong, Y and Pegram, M",2021,Research advances and new challenges in overcoming triple-negative breast cancer.,"Cancer drug resistance (Alhambra, Calif.)",,10.20517/cdr.2021.04,34888495,,maybe,maybe,maybe,,AI screening (low confidence): TNBC-related but needs abstract review
XinY202134814874,article,"Xin, Y and Shen, G and Zheng, Y and Guan, Y and Huo, X and Li, J and Ren, D and Zhao, F and Liu, Z and Li, Z and Zhao, J",2021,Immune checkpoint inhibitors plus neoadjuvant chemotherapy in early triple-negative breast cancer: a systematic review and meta-analysis.,BMC cancer,,10.1186/s12885-021-08997-w,34814874,,exclude,exclude,exclude,Review/meta-analysis/editorial,AI screening (high confidence): Review/meta-analysis/editorial
WengZJ202134806458,article,"Weng, ZJ and Wu, SX and Luo, HS and Du, ZS and Li, XY and Lin, JZ",2021,Neoadjuvant Chemotherapy in Early Triple-Negative Breast Cancer: A Pairwise and Network Meta-Analysis of Pathological Complete Response.,"Inquiry : a journal of medical care organization, provision and financing",,10.1177/00469580211056213,34806458,,exclude,exclude,exclude,Review/meta-analysis/editorial,AI screening (high confidence): Review/meta-analysis/editorial
DeCaluwA202134362344,article,"De Caluwé, A and Buisseret, L and Poortmans, P and Van Gestel, D and Salgado, R and Sotiriou, C and Larsimont, D and Paesmans, M and Craciun, L and Stylianos, D and Vandekerckhove, C and Reyal, F and Isabelle, V and Eiger, D and Piccart, M and Romano, E and Ignatiadis, M",2021,"Neo-CheckRay: radiation therapy and adenosine pathway blockade to increase benefit of immuno-chemotherapy in early stage luminal B breast cancer, a randomized phase II trial.",BMC cancer,,10.1186/s12885-021-08601-1,34362344,,exclude,exclude,exclude,Not TNBC-specific,AI screening (high confidence): Not TNBC-specific
HeQ202134277438,article,"He, Q and Peng, Y and Sun, J and Liu, J",2021,Platinum-Based Chemotherapy and Immunotherapy in Early Triple-Negative Breast Cancer: A Meta-Analysis and Indirect Treatment Comparison.,Frontiers in oncology,,10.3389/fonc.2021.693542,34277438,,exclude,exclude,exclude,Review/meta-analysis/editorial,AI screening (high confidence): Review/meta-analysis/editorial
YamC202134253579,article,"Yam, C and Yen, EY and Chang, JT and Bassett, RL and Alatrash, G and Garber, H and Huo, L and Yang, F and Philips, AV and Ding, QQ and Lim, B and Ueno, NT and Kannan, K and Sun, X and Sun, B and Parra Cuentas, ER and Symmans, WF and White, JB and Ravenberg, E and Seth, S and Guerriero, JL and Rauch, GM and Damodaran, S and Litton, JK and Wargo, JA and Hortobagyi, GN and Futreal, A and Wistuba, II and Sun, R and Moulder, SL and Mittendorf, EA",2021,Immune Phenotype and Response to Neoadjuvant Therapy in Triple-Negative Breast Cancer.,Clinical cancer research : an official journal of the American Association for Cancer Research,,10.1158/1078-0432.CCR-21-0144,34253579,,maybe,maybe,maybe,,AI screening (medium confidence): TNBC + neoadjuvant but intervention unclear
BartschR202134221179,article,"Bartsch, R",2021,SABCS 2020: update on triple-negative and metastatic HER2-positive breast cancer.,Memo,,10.1007/s12254-021-00722-4,34221179,,exclude,exclude,exclude,Metastatic/Stage IV setting,AI screening (high confidence): Metastatic/Stage IV setting
MilesD202134219000,article,"Miles, D and Gligorov, J and André, F and Cameron, D and Schneeweiss, A and Barrios, C and Xu, B and Wardley, A and Kaen, D and Andrade, L and Semiglazov, V and Reinisch, M and Patel, S and Patre, M and Morales, L and Patel, SL and Kaul, M and Barata, T and O'Shaughnessy, J",2021,"Primary results from IMpassion131, a double-blind, placebo-controlled, randomised phase III trial of first-line paclitaxel with or without atezolizumab for unresectable locally advanced/metastatic triple-negative breast cancer.",Annals of oncology : official journal of the European Society for Medical Oncology,,10.1016/j.annonc.2021.05.801,34219000,,maybe,maybe,maybe,,AI screening (medium confidence): TNBC + ICI but setting unclear from title
PusztaiL202134143979,article,"Pusztai, L and Yau, C and Wolf, DM and Han, HS and Du, L and Wallace, AM and String-Reasor, E and Boughey, JC and Chien, AJ and Elias, AD and Beckwith, H and Nanda, R and Albain, KS and Clark, AS and Kemmer, K and Kalinsky, K and Isaacs, C and Thomas, A and Shatsky, R and Helsten, TL and Forero-Torres, A and Liu, MC and Brown-Swigart, L and Petricoin, EF and Wulfkuhle, JD and Asare, SM and Wilson, A and Singhrao, R and Sit, L and Hirst, GL and Berry, S and Sanil, A and Asare, AL and Matthews, JB and Perlmutter, J and Melisko, M and Rugo, HS and Schwab, RB and Symmans, WF and Yee, D and Van't Veer, LJ and Hylton, NM and DeMichele, AM and Berry, DA and Esserman, LJ",2021,Durvalumab with olaparib and paclitaxel for high-risk HER2-negative stage II/III breast cancer: Results from the adaptively randomized I-SPY2 trial.,Cancer cell,,10.1016/j.ccell.2021.05.009,34143979,,maybe,maybe,maybe,,AI screening (low confidence): Breast cancer ICI trial - check if TNBC subgroup reported
SternschussM202133745080,article,"Sternschuss, M and Yerushalmi, R and Saleh, RR and Amir, E and Goldvaser, H",2021,Efficacy and safety of neoadjuvant immune checkpoint inhibitors in early-stage triple-negative breast cancer: a systematic review and meta-analysis.,Journal of cancer research and clinical oncology,,10.1007/s00432-021-03591-w,33745080,,exclude,exclude,exclude,Review/meta-analysis/editorial,AI screening (high confidence): Review/meta-analysis/editorial
WinerEP202133676601,article,"Winer, EP and Lipatov, O and Im, SA and Goncalves, A and Muñoz-Couselo, E and Lee, KS and Schmid, P and Tamura, K and Testa, L and Witzel, I and Ohtani, S and Turner, N and Zambelli, S and Harbeck, N and Andre, F and Dent, R and Zhou, X and Karantza, V and Mejia, J and Cortes, J",2021,"Pembrolizumab versus investigator-choice chemotherapy for metastatic triple-negative breast cancer (KEYNOTE-119): a randomised, open-label, phase 3 trial.",The Lancet. Oncology,,10.1016/S1470-2045(20)30754-3,33676601,,exclude,exclude,exclude,Metastatic/Stage IV setting,AI screening (high confidence): Metastatic/Stage IV setting
FountzilaE202033574892,article,"Fountzila, E and Ignatiadis, M",2020,Neoadjuvant immunotherapy in breast cancer: a paradigm shift?,Ecancermedicalscience,,10.3332/ecancer.2020.1147,33574892,,maybe,maybe,maybe,,AI screening (low confidence): Breast cancer ICI trial - check if TNBC subgroup reported
ChickRC202133485895,article,"Chick, RC and Clifton, GT and Hale, DF and Vreeland, TJ and Hickerson, AT and Kemp Bohan, PM and McCarthy, PM and Litton, JK and Alatrash, G and Murthy, RK and Qiao, N and Philips, A and Lukas, J and Holmes, JP and Mittendorf, EA and Peoples, GE",2021,"Subgroup analysis of nelipepimut-S plus GM-CSF combined with trastuzumab versus trastuzumab alone to prevent recurrences in patients with high-risk, HER2 low-expressing breast cancer.","Clinical immunology (Orlando, Fla.)",,10.1016/j.clim.2021.108679,33485895,,exclude,exclude,exclude,Not TNBC-specific,AI screening (high confidence): Not TNBC-specific
TarantinoP202133482345,article,"Tarantino, P and Gandini, S and Trapani, D and Criscitiello, C and Curigliano, G",2021,Immunotherapy addition to neoadjuvant chemotherapy for early triple negative breast cancer: A systematic review and meta-analysis of randomized clinical trials.,Critical reviews in oncology/hematology,,10.1016/j.critrevonc.2021.103223,33482345,,exclude,exclude,exclude,Review/meta-analysis/editorial,AI screening (high confidence): Review/meta-analysis/editorial
CortesJ202033278935,article,"Cortes, J and Cescon, DW and Rugo, HS and Nowecki, Z and Im, SA and Yusof, MM and Gallardo, C and Lipatov, O and Barrios, CH and Holgado, E and Iwata, H and Masuda, N and Otero, MT and Gokmen, E and Loi, S and Guo, Z and Zhao, J and Aktan, G and Karantza, V and Schmid, P",2020,"Pembrolizumab plus chemotherapy versus placebo plus chemotherapy for previously untreated locally recurrent inoperable or metastatic triple-negative breast cancer (KEYNOTE-355): a randomised, placebo-controlled, double-blind, phase 3 clinical trial.","Lancet (London, England)",,10.1016/S0140-6736(20)32531-9,33278935,,exclude,exclude,exclude,Metastatic/Stage IV setting,AI screening (high confidence): Metastatic/Stage IV setting
MittendorfEA202032966830,article,"Mittendorf, EA and Zhang, H and Barrios, CH and Saji, S and Jung, KH and Hegg, R and Koehler, A and Sohn, J and Iwata, H and Telli, ML and Ferrario, C and Punie, K and Penault-Llorca, F and Patel, S and Duc, AN and Liste-Hermoso, M and Maiya, V and Molinero, L and Chui, SY and Harbeck, N",2020,"Neoadjuvant atezolizumab in combination with sequential nab-paclitaxel and anthracycline-based chemotherapy versus placebo and chemotherapy in patients with early-stage triple-negative breast cancer (IMpassion031): a randomised, double-blind, phase 3 trial.","Lancet (London, England)",,10.1016/S0140-6736(20)31953-X,32966830,,include,include,include,,AI screening (high confidence): Known key trial: impassion031
MarinelliD202032899209,article,"Marinelli, D and Mazzotta, M and Pizzuti, L and Krasniqi, E and Gamucci, T and Natoli, C and Grassadonia, A and Tinari, N and Tomao, S and Sperduti, I and Sanguineti, G and Botticelli, A and Fabbri, A and Botti, C and Ciliberto, G and Barba, M and Vici, P",2020,Neoadjuvant Immune-Checkpoint Blockade in Triple-Negative Breast Cancer: Current Evidence and Literature-Based Meta-Analysis of Randomized Trials.,Cancers,,10.3390/cancers12092497,32899209,,exclude,exclude,exclude,Review/meta-analysis/editorial,AI screening (high confidence): Review/meta-analysis/editorial
AhmedFS202032709714,article,"Ahmed, FS and Gaule, P and McGuire, J and Patel, K and Blenman, K and Pusztai, L and Rimm, DL",2020,PD-L1 Protein Expression on Both Tumor Cells and Macrophages are Associated with Response to Neoadjuvant Durvalumab with Chemotherapy in Triple-negative Breast Cancer.,Clinical cancer research : an official journal of the American Association for Cancer Research,,10.1158/1078-0432.CCR-20-1303,32709714,,maybe,maybe,maybe,,AI screening (medium confidence): TNBC + neoadjuvant + ICI but trial type unclear
MiyashitaH202032657479,article,"Miyashita, H and Satoi, S and Cruz, C and Malamud, SC",2020,Neo-adjuvant therapy for triple-negative breast cancer: Insights from a network meta-analysis.,The breast journal,,10.1111/tbj.13978,32657479,,exclude,exclude,exclude,Review/meta-analysis/editorial,AI screening (high confidence): Review/meta-analysis/editorial
DuF202032394350,article,"Du, F and Wang, W and Wang, Y and Li, M and Zhu, A and Wang, J and Cai, R and Ma, F and Fan, Y and Li, Q and Zhang, P and Todorovic, V and Yuan, P and Xu, B",2020,Carboplatin plus taxanes are non-inferior to epirubicin plus cyclophosphamide followed by taxanes as adjuvant chemotherapy for early triple-negative breast cancer.,Breast cancer research and treatment,,10.1007/s10549-020-05648-9,32394350,,exclude,exclude,exclude,Adjuvant only (not neoadjuvant),AI screening (medium confidence): Adjuvant only (not neoadjuvant)
SchmidP202032278621,article,"Schmid, P and Salgado, R and Park, YH and Muñoz-Couselo, E and Kim, SB and Sohn, J and Im, SA and Foukakis, T and Kuemmel, S and Dent, R and Yin, L and Wang, A and Tryfonidis, K and Karantza, V and Cortés, J and Loi, S",2020,"Pembrolizumab plus chemotherapy as neoadjuvant treatment of high-risk, early-stage triple-negative breast cancer: results from the phase 1b open-label, multicohort KEYNOTE-173 study.",Annals of oncology : official journal of the European Society for Medical Oncology,,10.1016/j.annonc.2020.01.072,32278621,,maybe,maybe,maybe,,AI screening (medium confidence): TNBC + neoadjuvant + ICI but trial type unclear
SchmidP202032101663,article,"Schmid, P and Cortes, J and Pusztai, L and McArthur, H and Kümmel, S and Bergh, J and Denkert, C and Park, YH and Hui, R and Harbeck, N and Takahashi, M and Foukakis, T and Fasching, PA and Cardoso, F and Untch, M and Jia, L and Karantza, V and Zhao, J and Aktan, G and Dent, R and O'Shaughnessy, J",2020,Pembrolizumab for Early Triple-Negative Breast Cancer.,The New England journal of medicine,,10.1056/NEJMoa1910549,32101663,,maybe,maybe,maybe,,AI screening (medium confidence): TNBC + ICI but setting unclear from title
NandaR202032053137,article,"Nanda, R and Liu, MC and Yau, C and Shatsky, R and Pusztai, L and Wallace, A and Chien, AJ and Forero-Torres, A and Ellis, E and Han, H and Clark, A and Albain, K and Boughey, JC and Jaskowiak, NT and Elias, A and Isaacs, C and Kemmer, K and Helsten, T and Majure, M and Stringer-Reasor, E and Parker, C and Lee, MC and Haddad, T and Cohen, RN and Asare, S and Wilson, A and Hirst, GL and Singhrao, R and Steeg, K and Asare, A and Matthews, JB and Berry, S and Sanil, A and Schwab, R and Symmans, WF and van 't Veer, L and Yee, D and DeMichele, A and Hylton, NM and Melisko, M and Perlmutter, J and Rugo, HS and Berry, DA and Esserman, LJ",2020,Effect of Pembrolizumab Plus Neoadjuvant Chemotherapy on Pathologic Complete Response in Women With Early-Stage Breast Cancer: An Analysis of the Ongoing Phase 2 Adaptively Randomized I-SPY2 Trial.,JAMA oncology,,10.1001/jamaoncol.2019.6650,32053137,,maybe,maybe,maybe,,AI screening (low confidence): Breast cancer ICI trial - check if TNBC subgroup reported
GaoF201931467642,article,"Gao, F and Wang, G and Luo, J and Liu, J and Chen, L and Xiong, C",2019,Incorporating biomarkers to improve statistical power of immunotherapeutic neoadjuvant clinical trials in patients with triple-negative breast cancer.,Statistics in biopharmaceutical research,,10.1080/19466315.2018.1518259,31467642,,maybe,maybe,maybe,,AI screening (medium confidence): TNBC + neoadjuvant but intervention unclear
LoiblS201931095287,article,"Loibl, S and Untch, M and Burchardi, N and Huober, J and Sinn, BV and Blohmer, JU and Grischke, EM and Furlanetto, J and Tesch, H and Hanusch, C and Engels, K and Rezai, M and Jackisch, C and Schmitt, WD and von Minckwitz, G and Thomalla, J and Kümmel, S and Rautenberg, B and Fasching, PA and Weber, K and Rhiem, K and Denkert, C and Schneeweiss, A",2019,A randomised phase II study investigating durvalumab in addition to an anthracycline taxane-based neoadjuvant therapy in early triple-negative breast cancer: clinical results and biomarker analysis of GeparNuevo study.,Annals of oncology : official journal of the European Society for Medical Oncology,,10.1093/annonc/mdz158,31095287,,include,include,include,,AI screening (high confidence): Known key trial: geparnuevo
CortsJ201930977385,article,"Cortés, J and André, F and Gonçalves, A and Kümmel, S and Martín, M and Schmid, P and Schuetz, F and Swain, SM and Easton, V and Pollex, E and Deurloo, R and Dent, R",2019,IMpassion132 Phase III trial: atezolizumab and chemotherapy in early relapsing metastatic triple-negative breast cancer.,"Future oncology (London, England)",,10.2217/fon-2019-0059,30977385,,maybe,maybe,maybe,,AI screening (medium confidence): TNBC + ICI but setting unclear from title
AdamsS201930475947,article,"Adams, S and Loi, S and Toppmeyer, D and Cescon, DW and De Laurentiis, M and Nanda, R and Winer, EP and Mukai, H and Tamura, K and Armstrong, A and Liu, MC and Iwata, H and Ryvo, L and Wimberger, P and Rugo, HS and Tan, AR and Jia, L and Ding, Y and Karantza, V and Schmid, P",2019,"Pembrolizumab monotherapy for previously untreated, PD-L1-positive, metastatic triple-negative breast cancer: cohort B of the phase II KEYNOTE-086 study.",Annals of oncology : official journal of the European Society for Medical Oncology,,10.1093/annonc/mdy518,30475947,,exclude,exclude,exclude,Metastatic/Stage IV setting,AI screening (high confidence): Metastatic/Stage IV setting
SchmidP201830345906,article,"Schmid, P and Adams, S and Rugo, HS and Schneeweiss, A and Barrios, CH and Iwata, H and Diéras, V and Hegg, R and Im, SA and Shaw Wright, G and Henschel, V and Molinero, L and Chui, SY and Funke, R and Husain, A and Winer, EP and Loi, S and Emens, LA",2018,Atezolizumab and Nab-Paclitaxel in Advanced Triple-Negative Breast Cancer.,The New England journal of medicine,,10.1056/NEJMoa1809615,30345906,,maybe,maybe,maybe,,AI screening (medium confidence): TNBC + ICI but setting unclear from title
